<?xml version="1.0" encoding="UTF-8"?>
<feed xmlns="http://www.w3.org/2005/Atom">
 <id>urn:iweb:34AC8893-8389-405C-A552-24B241FAA7E0</id>
 <title>Page list Atom feed</title>
 <updated>2011-06-04T19:19:25+02:00</updated>
 <link rel="self" href="feed.xml"/>
 <generator>iWeb</generator>
 <author>
  <name>iWeb</name>
 </author>
 <entry>
  <id>urn:iweb:0C893AC0-EDCD-4398-B23C-F39197BABACE</id>
  <title>Home</title>
  <title xmlns="urn:iweb:">Home</title>
  <in-navbar xmlns="urn:iweb:">0C893AC0-EDCD-4398-B23C-F39197BABACE</in-navbar>
  <link rel="alternate" href="Home.html"/>
  <updated>2011-06-04T19:19:25.001+02:00</updated>
  <content>Home</content>
 </entry>
 <entry>
  <id>urn:iweb:B5719A53-5759-4931-9E19-0192D55E2A22</id>
  <title>Projects</title>
  <title xmlns="urn:iweb:">Projects</title>
  <in-navbar xmlns="urn:iweb:">B5719A53-5759-4931-9E19-0192D55E2A22</in-navbar>
  <link rel="alternate" href="Projects.html"/>
  <updated>2011-06-04T19:19:25.002+02:00</updated>
  <content>Projects</content>
 </entry>
</feed>