<?xml version="1.0" encoding="UTF-8"?>
 
<schema version="1.0" xmlns="http://www.apple.com/metadata"
                      xmlns:xsi="http://www.w3.org/2001/XMLSchema-instance"
                      xsi:schemaLocation="http://www.apple.com/metadata file:///System/Library/Frameworks/CoreServices.framework/Frameworks/Metadata.framework/Resources/MetadataSchema.xsd">
	<note>Schema for additional attributes supplied by the TeX importer.</note>
    <types>
        <type name="org.tug.tex">
            <allattrs>
				kMDItemAuthors
				kMDItemTextContent
				kMDItemTitle
            </allattrs>
            <displayattrs>
				kMDItemAuthors
				kMDItemTitle
            </displayattrs>
        </type>
    </types>
</schema>
