<?xml version="1.0" encoding="UTF-8"?>
<feed xmlns="http://www.w3.org/2005/Atom">
 <id>urn:iweb:34AC8893-8389-405C-A552-24B241FAA7E0</id>
 <title>Page list Atom feed</title>
 <updated>2011-06-05T16:24:03+02:00</updated>
 <link rel="self" href="feed.xml"/>
 <generator>iWeb</generator>
 <author>
  <name>iWeb</name>
 </author>
 <entry>
  <id>urn:iweb:0C893AC0-EDCD-4398-B23C-F39197BABACE</id>
  <title>Home</title>
  <title xmlns="urn:iweb:">Home</title>
  <in-navbar xmlns="urn:iweb:">0C893AC0-EDCD-4398-B23C-F39197BABACE</in-navbar>
  <link rel="alternate" href="Home.html"/>
  <updated>2011-06-05T16:24:03.001+02:00</updated>
  <content>Home</content>
 </entry>
 <entry>
  <id>urn:iweb:42BC2BC5-93B0-4B60-B28A-71F4C6A6352F</id>
  <title>Setting Up</title>
  <title xmlns="urn:iweb:">Setting Up</title>
  <in-navbar xmlns="urn:iweb:">42BC2BC5-93B0-4B60-B28A-71F4C6A6352F</in-navbar>
  <link rel="alternate" href="Setting_Up.html"/>
  <updated>2011-06-05T16:24:03.002+02:00</updated>
  <content>Setting Up</content>
 </entry>
 <entry>
  <id>urn:iweb:B5719A53-5759-4931-9E19-0192D55E2A22</id>
  <title>Projects</title>
  <title xmlns="urn:iweb:">Projects</title>
  <in-navbar xmlns="urn:iweb:">B5719A53-5759-4931-9E19-0192D55E2A22</in-navbar>
  <link rel="alternate" href="Projects.html"/>
  <updated>2011-06-05T16:24:03.003+02:00</updated>
  <content>Projects</content>
 </entry>
 <entry>
  <id>urn:iweb:C0BF393C-C379-42BC-948A-AEB82C42D72E</id>
  <title>Adding Files</title>
  <title xmlns="urn:iweb:">Adding Files</title>
  <in-navbar xmlns="urn:iweb:">C0BF393C-C379-42BC-948A-AEB82C42D72E</in-navbar>
  <link rel="alternate" href="Adding_Files.html"/>
  <updated>2011-06-05T16:24:03.004+02:00</updated>
  <content>Adding Files</content>
 </entry>
 <entry>
  <id>urn:iweb:E6D920A3-4CBE-49E8-8072-43D0DB287195</id>
  <title>Symbol Browser</title>
  <title xmlns="urn:iweb:">Symbol Browser</title>
  <in-navbar xmlns="urn:iweb:">E6D920A3-4CBE-49E8-8072-43D0DB287195</in-navbar>
  <link rel="alternate" href="Symbol_Browser.html"/>
  <updated>2011-06-05T16:24:03.005+02:00</updated>
  <content>Symbol Browser</content>
 </entry>
 <entry>
  <id>urn:iweb:2EEDBEBE-4DEB-45C0-99E8-21CFBFB86821</id>
  <title>Clippings Library</title>
  <title xmlns="urn:iweb:">Clippings Library</title>
  <in-navbar xmlns="urn:iweb:">2EEDBEBE-4DEB-45C0-99E8-21CFBFB86821</in-navbar>
  <link rel="alternate" href="Clippings_Library.html"/>
  <updated>2011-06-05T16:24:03.006+02:00</updated>
  <content>Clippings Library</content>
 </entry>
 <entry>
  <id>urn:iweb:D2104FA2-98A8-4399-B518-3DDCD7494A7C</id>
  <title>Document Outline</title>
  <title xmlns="urn:iweb:">Document Outline</title>
  <in-navbar xmlns="urn:iweb:">D2104FA2-98A8-4399-B518-3DDCD7494A7C</in-navbar>
  <link rel="alternate" href="Document_Outline.html"/>
  <updated>2011-06-05T16:24:03.007+02:00</updated>
  <content>Document Outline</content>
 </entry>
 <entry>
  <id>urn:iweb:AE5127A1-E8AB-4B27-B187-A3E41BEBF5CB</id>
  <title>Project Search</title>
  <title xmlns="urn:iweb:">Project Search</title>
  <in-navbar xmlns="urn:iweb:">AE5127A1-E8AB-4B27-B187-A3E41BEBF5CB</in-navbar>
  <link rel="alternate" href="Project_Search.html"/>
  <updated>2011-06-05T16:24:03.008+02:00</updated>
  <content>Project Search</content>
 </entry>
</feed>